{
  "auroc": 0.8837499999999999,
  "ap": 0.7915869800279216,
  "precision": 0.81,
  "recall": 0.405,
  "f1": 0.54,
  "fpr": 0.095,
  "threshold": 1.3273203194330563e-06,
  "n_passes": 30
}